flow_duration,fwd_pkt_count,bwd_pkt_count,mean_pkt_size,iat_mean,pps,flood_score,mac_fill,new_mac_rate,syn_count,label
10.0,0,10,53.8,0.640705,1.56,0.0,0.0068,1.09,0,BENIGN
44.16,0,798,97.1,0.007864,127.17,0.0,0.002,0.0,0,BENIGN
14.27,0,15,59.2,0.418353,2.39,0.0,0.001,0.16,0,BENIGN
10.0,0,11,55.27,0.570482,1.75,0.0,0.0088,1.43,0,BENIGN
44.16,0,798,97.1,0.007864,127.17,0.0,0.002,0.0,0,BENIGN
35.5,0,8,56.5,0.784413,1.27,0.0,0.0039,0.32,0,BENIGN
10.0,0,11,55.27,0.570482,1.75,0.0,0.0088,1.43,0,BENIGN
35.5,0,8,56.5,0.784413,1.27,0.0,0.0039,0.32,0,BENIGN
21.07,0,6,52.0,1.088415,0.92,0.25,0.0039,0.31,0,BENIGN
25.67,0,9,52.0,0.72561,1.38,0.25,0.0039,0.46,0,BENIGN
21.07,0,6,52.0,1.088415,0.92,0.25,0.0039,0.31,0,BENIGN
0,0,9,52.0,0.72561,1.38,0.25,0.0,0.0,0,BENIGN
25.67,0,9,52.0,0.72561,1.38,0.25,0.0039,0.46,0,BENIGN
0,0,9,52.0,0.72561,1.38,0.25,0.0,0.0,0,BENIGN
34.91,0,841,97.31,0.007906,126.49,0.5,0.002,0.15,0,BENIGN
43.99,0,7,54.57,0.949835,1.05,0.5,0.0029,0.15,0,BENIGN
10.0,0,10,53.8,0.664885,1.5,0.5,0.0068,1.05,0,BENIGN
43.99,0,7,54.57,0.949835,1.05,0.5,0.0029,0.15,0,BENIGN
24.76,0,11,55.27,0.604441,1.65,0.5,0.0029,0.3,0,BENIGN
24.76,0,11,55.27,0.604441,1.65,0.5,0.0029,0.3,0,BENIGN
34.91,0,841,97.31,0.007906,126.49,0.5,0.002,0.15,0,BENIGN
42.57,0,8,52.0,0.762313,1.31,0.25,0.0029,0.16,0,BENIGN
39.24,0,838,97.12,0.007277,137.41,0.25,0.002,0.0,0,BENIGN
10.0,0,12,52.0,0.508209,1.97,0.25,0.0088,1.48,0,BENIGN
29.97,0,836,97.34,0.007295,137.08,0.25,0.002,0.16,0,BENIGN
10.0,0,12,52.0,0.508209,1.97,0.25,0.0088,1.48,0,BENIGN
39.24,0,838,97.12,0.007277,137.41,0.25,0.002,0.0,0,BENIGN
14.27,0,9,52.0,0.722517,1.38,0.0,0.001,0.15,0,BENIGN
10.0,0,9,52.0,0.722517,1.38,0.0,0.0078,1.23,0,BENIGN
34.88,0,819,97.49,0.00794,125.95,0.0,0.002,0.15,0,BENIGN
35.5,0,6,52.0,1.083776,0.92,0.0,0.0039,0.31,0,BENIGN
35.5,0,6,52.0,1.083776,0.92,0.0,0.0039,0.31,0,BENIGN
44.16,0,824,97.33,0.007892,126.72,0.0,0.002,0.0,0,BENIGN
44.16,0,824,97.33,0.007892,126.72,0.0,0.002,0.0,0,BENIGN
10.0,0,10,53.8,0.647111,1.55,0.0,0.0068,1.08,0,BENIGN
10.0,0,10,53.8,0.647111,1.55,0.0,0.0068,1.08,0,BENIGN
10.0,0,10,53.8,0.647111,1.55,0.0,0.0068,1.08,0,BENIGN
44.16,0,817,97.29,0.007921,126.25,0.0,0.002,0.0,0,BENIGN
30.9,0,10,53.8,0.647111,1.55,0.0,0.0029,0.31,0,BENIGN
34.88,0,814,97.46,0.00795,125.79,0.0,0.002,0.15,0,BENIGN
34.88,0,815,97.35,0.007924,126.2,0.0,0.002,0.15,0,BENIGN
34.88,0,815,97.35,0.007924,126.2,0.0,0.002,0.15,0,BENIGN
34.88,0,815,97.35,0.007924,126.2,0.0,0.002,0.15,0,BENIGN
10.0,0,9,52.0,0.717571,1.39,0.0,0.0088,1.39,0,BENIGN
44.16,0,818,97.19,0.007895,126.66,0.0,0.002,0.0,0,BENIGN
10.0,0,9,52.0,0.717571,1.39,0.0,0.0088,1.39,0,BENIGN
29.49,0,12,52.0,0.553261,1.81,0.25,0.0029,0.3,0,BENIGN
44.16,0,846,97.0,0.007848,127.43,0.25,0.002,0.0,0,BENIGN
29.49,0,12,52.0,0.553261,1.81,0.25,0.0029,0.3,0,BENIGN
10.0,0,12,52.0,0.553261,1.81,0.25,0.0078,1.2,0,BENIGN
10.0,0,12,52.0,0.553261,1.81,0.25,0.0078,1.2,0,BENIGN
42.57,0,8,52.0,0.829892,1.2,0.25,0.0029,0.15,0,BENIGN
10.0,0,12,52.0,0.553261,1.81,0.25,0.0078,1.2,0,BENIGN
34.88,0,827,97.5,0.007342,136.2,0.0,0.002,0.16,0,BENIGN
30.9,0,9,52.0,0.674661,1.48,0.0,0.0029,0.33,0,BENIGN
30.9,0,9,52.0,0.674661,1.48,0.0,0.0029,0.33,0,BENIGN
34.88,0,827,97.5,0.007342,136.2,0.0,0.002,0.16,0,BENIGN
14.27,0,9,52.0,0.674661,1.48,0.0,0.001,0.16,0,BENIGN
30.9,0,9,52.0,0.674661,1.48,0.0,0.0029,0.33,0,BENIGN
34.88,0,803,97.34,0.007928,126.13,0.0,0.002,0.16,0,BENIGN
25.67,0,9,52.0,0.707355,1.41,0.0,0.0039,0.47,0,BENIGN
10.0,0,9,52.0,0.707355,1.41,0.0,0.0088,1.41,0,BENIGN
25.67,0,9,52.0,0.707355,1.41,0.0,0.0039,0.47,0,BENIGN
34.88,0,803,97.34,0.007928,126.13,0.0,0.002,0.16,0,BENIGN
44.16,0,806,97.18,0.007899,126.61,0.0,0.002,0.0,0,BENIGN
25.67,0,9,52.0,0.707355,1.41,0.0,0.0039,0.47,0,BENIGN
30.0,0,832,97.34,0.007916,126.33,0.5,0.002,0.0,0,BENIGN
14.27,0,9,52.0,0.731751,1.37,0.5,0.001,0.15,0,BENIGN
21.05,0,9,52.0,0.731751,1.37,0.5,0.0039,0.46,0,BENIGN
29.97,0,829,97.5,0.007944,125.88,0.5,0.002,0.15,0,BENIGN
10.0,0,9,52.0,0.731751,1.37,0.5,0.0078,1.21,0,BENIGN
29.97,0,829,97.5,0.007944,125.88,0.5,0.002,0.15,0,BENIGN
44.16,0,842,97.13,0.007869,127.08,0.25,0.002,0.0,0,BENIGN
14.27,0,12,52.0,0.552147,1.81,0.25,0.001,0.15,0,BENIGN
14.27,0,12,52.0,0.552147,1.81,0.25,0.001,0.15,0,BENIGN
10.0,0,12,52.0,0.552147,1.81,0.25,0.0068,1.06,0,BENIGN
14.27,0,12,52.0,0.552147,1.81,0.25,0.001,0.15,0,BENIGN
30.0,0,8,52.0,0.828221,1.21,0.25,0.002,0.0,0,BENIGN
44.16,0,842,97.13,0.007869,127.08,0.25,0.002,0.0,0,BENIGN
14.27,0,9,52.0,0.659983,1.52,0.25,0.001,0.17,0,BENIGN
35.5,0,6,52.0,0.989975,1.01,0.25,0.0039,0.34,0,BENIGN
44.16,0,836,97.34,0.007105,140.74,0.25,0.002,0.0,0,BENIGN
44.16,0,836,97.34,0.007105,140.74,0.25,0.002,0.0,0,BENIGN
35.5,0,6,52.0,0.989975,1.01,0.25,0.0039,0.34,0,BENIGN
34.91,0,833,97.5,0.007131,140.24,0.25,0.002,0.17,0,BENIGN
35.5,0,6,52.0,1.070817,0.93,0.0,0.0039,0.31,0,BENIGN
0,0,9,52.0,0.713878,1.4,0.0,0.0,0.0,0,BENIGN
25.67,0,9,52.0,0.713878,1.4,0.0,0.0039,0.47,0,BENIGN
44.16,0,814,97.18,0.007893,126.69,0.0,0.002,0.0,0,BENIGN
10.0,0,9,52.0,0.713878,1.4,0.0,0.0078,1.25,0,BENIGN
25.67,0,9,52.0,0.713878,1.4,0.0,0.0039,0.47,0,BENIGN
43.99,0,6,52.0,1.089947,0.92,0.0,0.0029,0.15,0,BENIGN
10.0,0,9,52.0,0.726631,1.38,0.0,0.0068,1.07,0,BENIGN
30.9,0,9,52.0,0.726631,1.38,0.0,0.0029,0.31,0,BENIGN
30.9,0,9,52.0,0.726631,1.38,0.0,0.0029,0.31,0,BENIGN
44.16,0,830,97.2,0.007879,126.92,0.0,0.002,0.0,0,BENIGN
30.9,0,9,52.0,0.726631,1.38,0.0,0.0029,0.31,0,BENIGN
34.88,0,827,97.36,0.007908,126.46,0.0,0.002,0.15,0,BENIGN
44.16,0,820,97.1,0.007904,126.52,0.0,0.002,0.0,0,BENIGN
42.57,0,8,52.0,0.810132,1.23,0.0,0.0029,0.15,0,BENIGN
29.47,0,12,52.0,0.540088,1.85,0.0,0.0029,0.31,0,BENIGN
29.47,0,12,52.0,0.540088,1.85,0.0,0.0029,0.31,0,BENIGN
34.88,0,816,97.32,0.007942,125.91,0.0,0.002,0.15,0,BENIGN
29.47,0,12,52.0,0.540088,1.85,0.0,0.0029,0.31,0,BENIGN
10.0,0,9,52.0,0.726089,1.38,0.0,0.0078,1.22,0,BENIGN
25.67,0,9,52.0,0.726089,1.38,0.0,0.0039,0.46,0,BENIGN
35.5,0,6,52.0,1.089134,0.92,0.0,0.0039,0.31,0,BENIGN
10.0,0,9,52.0,0.726089,1.38,0.0,0.0078,1.22,0,BENIGN
25.67,0,9,52.0,0.726089,1.38,0.0,0.0039,0.46,0,BENIGN
44.16,0,826,97.2,0.007911,126.4,0.0,0.002,0.0,0,BENIGN
14.27,0,9,52.0,0.726089,1.38,0.0,0.001,0.15,0,BENIGN
10.0,0,9,52.0,0.700087,1.43,0.5,0.0068,1.11,0,BENIGN
0,0,9,52.0,0.700087,1.43,0.5,0.0,0.0,0,BENIGN
10.0,0,9,52.0,0.700087,1.43,0.5,0.0068,1.11,0,BENIGN
30.92,0,9,52.0,0.700087,1.43,0.5,0.0029,0.32,0,BENIGN
30.92,0,9,52.0,0.700087,1.43,0.5,0.0029,0.32,0,BENIGN
30.92,0,9,52.0,0.700087,1.43,0.5,0.0029,0.32,0,BENIGN
21.05,0,9,52.0,0.730496,1.37,0.25,0.0039,0.46,0,BENIGN
35.5,0,6,52.0,1.095744,0.91,0.25,0.0039,0.3,0,BENIGN
35.5,0,6,52.0,1.095744,0.91,0.25,0.0039,0.3,0,BENIGN
34.88,0,829,97.5,0.007931,126.09,0.25,0.002,0.15,0,BENIGN
14.27,0,9,52.0,0.730496,1.37,0.25,0.001,0.15,0,BENIGN
10.0,0,9,52.0,0.730496,1.37,0.25,0.0088,1.37,0,BENIGN
34.88,0,829,97.5,0.007931,126.09,0.25,0.002,0.15,0,BENIGN
14.27,0,12,52.0,0.547544,1.83,0.0,0.001,0.15,0,BENIGN
29.47,0,12,52.0,0.547544,1.83,0.0,0.0029,0.3,0,BENIGN
29.47,0,12,52.0,0.547544,1.83,0.0,0.0029,0.3,0,BENIGN
34.88,0,832,97.2,0.007897,126.63,0.0,0.002,0.15,0,BENIGN
34.88,0,832,97.2,0.007897,126.63,0.0,0.002,0.15,0,BENIGN
44.16,0,838,96.99,0.007841,127.54,0.0,0.002,0.0,0,BENIGN
44.16,0,830,97.33,0.007918,126.3,0.125,0.002,0.0,0,BENIGN
34.88,0,827,97.5,0.007946,125.84,0.125,0.002,0.15,0,BENIGN
30.9,0,9,52.0,0.730176,1.37,0.125,0.0029,0.3,0,BENIGN
14.27,0,9,52.0,0.730176,1.37,0.125,0.001,0.15,0,BENIGN
10.0,0,9,52.0,0.730176,1.37,0.125,0.0068,1.07,0,BENIGN
34.88,0,827,97.5,0.007946,125.84,0.125,0.002,0.15,0,BENIGN
44.16,0,824,97.19,0.007893,126.7,0.125,0.002,0.0,0,BENIGN
0,0,9,52.0,0.722622,1.38,0.125,0.0,0.0,0,BENIGN
0,0,9,52.0,0.722622,1.38,0.125,0.0,0.0,0,BENIGN
34.88,0,821,97.36,0.007922,126.24,0.125,0.002,0.15,0,BENIGN
0,0,9,52.0,0.722622,1.38,0.125,0.0,0.0,0,BENIGN
44.16,0,824,97.19,0.007893,126.7,0.125,0.002,0.0,0,BENIGN
10.0,0,9,52.0,0.722622,1.38,0.125,0.0088,1.38,0,BENIGN
35.5,0,6,52.0,1.000075,1.0,0.25,0.0039,0.33,0,BENIGN
35.5,0,6,52.0,1.000075,1.0,0.25,0.0039,0.33,0,BENIGN
35.5,0,6,52.0,1.000075,1.0,0.25,0.0039,0.33,0,BENIGN
14.27,0,9,52.0,0.666717,1.5,0.25,0.001,0.17,0,BENIGN
34.91,0,823,97.5,0.007291,137.16,0.25,0.002,0.17,0,BENIGN
14.27,0,9,52.0,0.666717,1.5,0.25,0.001,0.17,0,BENIGN
44.16,0,832,96.98,0.007862,127.2,0.0,0.002,0.0,0,BENIGN
44.16,0,832,96.98,0.007862,127.2,0.0,0.002,0.0,0,BENIGN
44.16,0,832,96.98,0.007862,127.2,0.0,0.002,0.0,0,BENIGN
14.27,0,12,52.0,0.545067,1.83,0.0,0.001,0.15,0,BENIGN
14.27,0,12,52.0,0.545067,1.83,0.0,0.001,0.15,0,BENIGN
14.27,0,12,52.0,0.545067,1.83,0.0,0.001,0.15,0,BENIGN
14.27,0,12,52.0,0.545067,1.83,0.0,0.001,0.15,0,BENIGN
14.27,0,9,52.0,0.733069,1.36,0.25,0.001,0.15,0,BENIGN
35.5,0,6,52.0,1.099603,0.91,0.25,0.0039,0.3,0,BENIGN
35.5,0,6,52.0,1.099603,0.91,0.25,0.0039,0.3,0,BENIGN
10.0,0,9,52.0,0.733069,1.36,0.25,0.0088,1.36,0,BENIGN
35.5,0,6,52.0,1.099603,0.91,0.25,0.0039,0.3,0,BENIGN
39.24,0,834,97.34,0.007911,126.41,0.25,0.002,0.0,0,BENIGN
44.16,0,820,97.33,0.007923,126.21,0.0,0.002,0.0,0,BENIGN
44.16,0,820,97.33,0.007923,126.21,0.0,0.002,0.0,0,BENIGN
35.5,0,6,52.0,1.082815,0.92,0.0,0.0039,0.31,0,BENIGN
25.67,0,9,52.0,0.721877,1.39,0.0,0.0039,0.46,0,BENIGN
35.5,0,6,52.0,1.082815,0.92,0.0,0.0039,0.31,0,BENIGN
10.0,0,9,52.0,0.721877,1.39,0.0,0.0078,1.23,0,BENIGN
35.5,0,6,52.0,1.082815,0.92,0.0,0.0039,0.31,0,BENIGN
24.74,0,9,52.0,0.730796,1.37,0.25,0.0029,0.3,0,BENIGN
43.99,0,6,52.0,1.096194,0.91,0.25,0.0029,0.15,0,BENIGN
24.74,0,9,52.0,0.730796,1.37,0.25,0.0029,0.3,0,BENIGN
10.0,0,9,52.0,0.730796,1.37,0.25,0.0068,1.06,0,BENIGN
24.74,0,9,52.0,0.730796,1.37,0.25,0.0029,0.3,0,BENIGN
10.0,0,9,52.0,0.730796,1.37,0.25,0.0068,1.06,0,BENIGN
42.57,0,8,52.0,0.751907,1.33,0.25,0.0029,0.17,0,BENIGN
42.57,0,8,52.0,0.751907,1.33,0.25,0.0029,0.17,0,BENIGN
44.16,0,828,97.11,0.007265,137.65,0.25,0.002,0.0,0,BENIGN
42.57,0,8,52.0,0.751907,1.33,0.25,0.0029,0.17,0,BENIGN
14.27,0,12,52.0,0.501271,1.99,0.25,0.001,0.17,0,BENIGN
10.0,0,12,52.0,0.501271,1.99,0.25,0.0088,1.5,0,BENIGN
14.27,0,9,52.0,0.715398,1.4,0.0,0.001,0.16,0,BENIGN
10.0,0,9,52.0,0.715398,1.4,0.0,0.0078,1.24,0,BENIGN
25.67,0,9,52.0,0.715398,1.4,0.0,0.0039,0.47,0,BENIGN
10.0,0,9,52.0,0.715398,1.4,0.0,0.0078,1.24,0,BENIGN
34.88,0,814,97.35,0.00791,126.43,0.0,0.002,0.16,0,BENIGN
44.16,0,816,97.19,0.00789,126.74,0.0,0.002,0.0,0,BENIGN
44.16,0,816,97.19,0.00789,126.74,0.0,0.002,0.0,0,BENIGN
44.16,0,818,97.33,0.007961,125.62,0.0,0.002,0.0,0,BENIGN
30.9,0,9,52.0,0.723533,1.38,0.0,0.0029,0.31,0,BENIGN
30.9,0,9,52.0,0.723533,1.38,0.0,0.0029,0.31,0,BENIGN
43.99,0,6,52.0,1.0853,0.92,0.0,0.0029,0.15,0,BENIGN
43.99,0,6,52.0,1.0853,0.92,0.0,0.0029,0.15,0,BENIGN
30.9,0,9,52.0,0.723533,1.38,0.0,0.0029,0.31,0,BENIGN
28.57,0,7,54.57,0.938032,1.07,0.125,0.0039,0.3,0,BENIGN
28.57,0,7,54.57,0.938032,1.07,0.125,0.0039,0.3,0,BENIGN
34.88,0,826,97.46,0.007949,125.8,0.125,0.002,0.15,0,BENIGN
14.27,0,12,56.5,0.547186,1.83,0.125,0.001,0.15,0,BENIGN
34.88,0,826,97.46,0.007949,125.8,0.125,0.002,0.15,0,BENIGN
44.16,0,829,97.3,0.007921,126.25,0.125,0.002,0.0,0,BENIGN
34.88,0,826,97.46,0.007949,125.8,0.125,0.002,0.15,0,BENIGN
29.47,0,12,52.0,0.554909,1.8,0.375,0.0029,0.3,0,BENIGN
14.27,0,12,52.0,0.554909,1.8,0.375,0.001,0.15,0,BENIGN
32.57,0,8,52.0,0.832364,1.2,0.375,0.0029,0.15,0,BENIGN
32.57,0,8,52.0,0.832364,1.2,0.375,0.0029,0.15,0,BENIGN
29.97,0,834,97.2,0.007984,125.25,0.375,0.002,0.15,0,BENIGN
29.97,0,834,97.2,0.007984,125.25,0.375,0.002,0.15,0,BENIGN
30.92,0,11,55.27,0.548355,1.82,0.25,0.0029,0.33,0,BENIGN
43.99,0,7,54.57,0.8617,1.16,0.25,0.0029,0.17,0,BENIGN
30.92,0,11,55.27,0.548355,1.82,0.25,0.0029,0.33,0,BENIGN
34.91,0,826,97.46,0.007303,136.94,0.25,0.002,0.17,0,BENIGN
30.92,0,11,55.27,0.548355,1.82,0.25,0.0029,0.33,0,BENIGN
30.92,0,11,55.27,0.548355,1.82,0.25,0.0029,0.33,0,BENIGN
44.16,0,806,97.32,0.007959,125.64,0.0,0.002,0.0,0,BENIGN
44.16,0,806,97.32,0.007959,125.64,0.0,0.002,0.0,0,BENIGN
10.0,0,9,52.0,0.712812,1.4,0.0,0.0088,1.4,0,BENIGN
25.67,0,9,52.0,0.712812,1.4,0.0,0.0039,0.47,0,BENIGN
34.88,0,803,97.48,0.007989,125.17,0.0,0.002,0.16,0,BENIGN
25.67,0,9,52.0,0.712812,1.4,0.0,0.0039,0.47,0,BENIGN
10.0,0,9,52.0,0.712812,1.4,0.0,0.0088,1.4,0,BENIGN
14.27,0,9,52.0,0.727696,1.37,0.25,0.001,0.15,0,BENIGN
35.5,0,6,52.0,1.091544,0.92,0.25,0.0039,0.31,0,BENIGN
14.27,0,9,52.0,0.727696,1.37,0.25,0.001,0.15,0,BENIGN
21.05,0,9,52.0,0.727696,1.37,0.25,0.0039,0.46,0,BENIGN
14.27,0,9,52.0,0.727696,1.37,0.25,0.001,0.15,0,BENIGN
35.5,0,6,52.0,1.091544,0.92,0.25,0.0039,0.31,0,BENIGN
44.16,0,817,96.93,0.007892,126.71,0.0,0.002,0.0,0,BENIGN
44.16,0,817,96.93,0.007892,126.71,0.0,0.002,0.0,0,BENIGN
14.27,0,13,53.38,0.496,2.02,0.0,0.001,0.16,0,BENIGN
14.27,0,13,53.38,0.496,2.02,0.0,0.001,0.16,0,BENIGN
58.86,0,10,55.6,0.6448,1.55,0.0,0.002,0.0,0,BENIGN
44.16,0,817,96.93,0.007892,126.71,0.0,0.002,0.0,0,BENIGN
10.0,0,9,52.0,0.709781,1.41,0.0,0.0088,1.41,0,BENIGN
14.27,0,9,52.0,0.709781,1.41,0.0,0.001,0.16,0,BENIGN
14.27,0,9,52.0,0.709781,1.41,0.0,0.001,0.16,0,BENIGN
14.27,0,9,52.0,0.709781,1.41,0.0,0.001,0.16,0,BENIGN
34.88,0,799,97.48,0.007995,125.08,0.0,0.002,0.16,0,BENIGN
10.0,0,9,52.0,0.709781,1.41,0.0,0.0088,1.41,0,BENIGN
34.88,0,799,97.48,0.007995,125.08,0.0,0.002,0.16,0,BENIGN
34.91,0,824,97.33,0.007277,137.42,0.25,0.002,0.17,0,BENIGN
10.0,0,11,55.27,0.545115,1.83,0.25,0.0078,1.33,0,BENIGN
10.0,0,11,55.27,0.545115,1.83,0.25,0.0078,1.33,0,BENIGN
0,0,12,56.5,0.499689,2.0,0.25,0.0,0.0,0,BENIGN
25.69,0,10,53.8,0.599626,1.67,0.25,0.0039,0.5,0,BENIGN
0,0,12,56.5,0.499689,2.0,0.25,0.0,0.0,0,BENIGN
14.27,0,21,83.43,0.312747,3.2,0.25,0.001,0.15,0,BENIGN
30.9,0,15,74.0,0.437846,2.28,0.25,0.0029,0.3,0,BENIGN
29.97,0,835,97.57,0.007866,127.14,0.25,0.002,0.15,0,BENIGN
14.27,0,21,83.43,0.312747,3.2,0.25,0.001,0.15,0,BENIGN
14.27,0,21,83.43,0.312747,3.2,0.25,0.001,0.15,0,BENIGN
43.99,0,12,79.5,0.547308,1.83,0.25,0.0029,0.15,0,BENIGN
39.24,0,838,97.41,0.007837,127.59,0.25,0.002,0.0,0,BENIGN
44.16,0,810,97.09,0.007912,126.4,0.0,0.002,0.0,0,BENIGN
44.16,0,810,97.09,0.007912,126.4,0.0,0.002,0.0,0,BENIGN
10.0,0,12,52.0,0.534039,1.87,0.0,0.0088,1.4,0,BENIGN
34.88,0,806,97.32,0.007951,125.77,0.0,0.002,0.16,0,BENIGN
44.16,0,810,97.09,0.007912,126.4,0.0,0.002,0.0,0,BENIGN
29.47,0,12,52.0,0.534039,1.87,0.0,0.0029,0.31,0,BENIGN
10.0,0,11,55.27,0.592595,1.69,0.125,0.0078,1.23,0,BENIGN
34.88,0,814,97.39,0.008008,124.87,0.125,0.002,0.15,0,BENIGN
28.57,0,8,56.5,0.814818,1.23,0.125,0.0039,0.31,0,BENIGN
10.0,0,11,55.27,0.592595,1.69,0.125,0.0078,1.23,0,BENIGN
44.16,0,816,97.25,0.007988,125.18,0.125,0.002,0.0,0,BENIGN
34.88,0,814,97.39,0.008008,124.87,0.125,0.002,0.15,0,BENIGN
44.16,0,828,97.33,0.007888,126.78,0.125,0.002,0.0,0,BENIGN
44.16,0,828,97.33,0.007888,126.78,0.125,0.002,0.0,0,BENIGN
30.9,0,9,52.0,0.72565,1.38,0.125,0.0029,0.31,0,BENIGN
33.99,0,6,52.0,1.088475,0.92,0.125,0.0029,0.15,0,BENIGN
44.16,0,828,97.33,0.007888,126.78,0.125,0.002,0.0,0,BENIGN
0,0,9,52.0,0.72565,1.38,0.125,0.0,0.0,0,BENIGN
30.9,0,9,52.0,0.72565,1.38,0.125,0.0029,0.31,0,BENIGN
10.0,0,12,56.5,0.509349,1.96,0.5,0.0088,1.47,0,BENIGN
35.5,0,8,56.5,0.764023,1.31,0.5,0.0039,0.33,0,BENIGN
21.07,0,12,56.5,0.509349,1.96,0.5,0.0039,0.49,0,BENIGN
34.91,0,844,97.14,0.007242,138.08,0.5,0.002,0.16,0,BENIGN
21.07,0,12,56.5,0.509349,1.96,0.5,0.0039,0.49,0,BENIGN
34.91,0,847,96.98,0.007216,138.58,0.5,0.002,0.0,0,BENIGN
10.0,0,12,52.0,0.540162,1.85,0.0,0.0078,1.23,0,BENIGN
14.27,0,12,52.0,0.540162,1.85,0.0,0.001,0.15,0,BENIGN
34.88,0,822,97.33,0.007886,126.81,0.0,0.002,0.15,0,BENIGN
44.16,0,824,97.11,0.007866,127.12,0.0,0.002,0.0,0,BENIGN
14.27,0,12,52.0,0.540162,1.85,0.0,0.001,0.15,0,BENIGN
44.16,0,824,97.11,0.007866,127.12,0.0,0.002,0.0,0,BENIGN
14.27,0,12,52.0,0.540162,1.85,0.0,0.001,0.15,0,BENIGN
14.27,0,9,52.0,0.722685,1.38,0.0,0.001,0.15,0,BENIGN
43.99,0,6,52.0,1.084028,0.92,0.0,0.0029,0.15,0,BENIGN
10.0,0,9,52.0,0.722685,1.38,0.0,0.0068,1.08,0,BENIGN
43.99,0,6,52.0,1.084028,0.92,0.0,0.0029,0.15,0,BENIGN
44.16,0,822,97.33,0.007913,126.38,0.0,0.002,0.0,0,BENIGN
44.16,0,822,97.33,0.007913,126.38,0.0,0.002,0.0,0,BENIGN
10.0,0,9,52.0,0.720823,1.39,0.25,0.0088,1.39,0,BENIGN
29.97,0,813,97.49,0.00798,125.32,0.25,0.002,0.15,0,BENIGN
10.0,0,9,52.0,0.720823,1.39,0.25,0.0088,1.39,0,BENIGN
25.67,0,9,52.0,0.720823,1.39,0.25,0.0039,0.46,0,BENIGN
35.5,0,6,52.0,1.081235,0.92,0.25,0.0039,0.31,0,BENIGN
29.97,0,813,97.49,0.00798,125.32,0.25,0.002,0.15,0,BENIGN
14.27,0,9,52.0,0.720731,1.39,0.0,0.001,0.15,0,BENIGN
44.16,0,814,97.32,0.007969,125.49,0.0,0.002,0.0,0,BENIGN
35.5,0,6,52.0,1.081097,0.92,0.0,0.0039,0.31,0,BENIGN
34.88,0,811,97.49,0.007998,125.03,0.0,0.002,0.15,0,BENIGN
25.67,0,9,52.0,0.720731,1.39,0.0,0.0039,0.46,0,BENIGN
10.0,0,9,52.0,0.720731,1.39,0.0,0.0078,1.23,0,BENIGN
10.0,0,9,52.0,0.720731,1.39,0.0,0.0078,1.23,0,BENIGN
58.86,0,8,52.0,0.751539,1.33,0.25,0.002,0.0,0,BENIGN
14.27,0,12,52.0,0.501026,2.0,0.25,0.001,0.17,0,BENIGN
39.24,0,12,52.0,0.501026,2.0,0.25,0.002,0.17,0,BENIGN
10.0,0,12,52.0,0.501026,2.0,0.25,0.0068,1.16,0,BENIGN
44.16,0,838,96.99,0.007175,139.38,0.25,0.002,0.0,0,BENIGN
34.91,0,834,97.2,0.007209,138.72,0.25,0.002,0.17,0,BENIGN
25.67,0,9,52.0,0.711537,1.41,0.0,0.0039,0.47,0,BENIGN
44.16,0,810,97.32,0.007906,126.49,0.0,0.002,0.0,0,BENIGN
14.27,0,9,52.0,0.711537,1.41,0.0,0.001,0.16,0,BENIGN
44.16,0,810,97.32,0.007906,126.49,0.0,0.002,0.0,0,BENIGN
44.16,0,810,97.32,0.007906,126.49,0.0,0.002,0.0,0,BENIGN
34.88,0,807,97.49,0.007935,126.02,0.0,0.002,0.16,0,BENIGN
34.88,0,811,97.35,0.007932,126.07,0.0,0.002,0.16,0,BENIGN
10.0,0,9,52.0,0.714777,1.4,0.0,0.0078,1.24,0,BENIGN
25.67,0,9,52.0,0.714777,1.4,0.0,0.0039,0.47,0,BENIGN
34.88,0,811,97.35,0.007932,126.07,0.0,0.002,0.16,0,BENIGN
44.16,0,814,97.18,0.007903,126.54,0.0,0.002,0.0,0,BENIGN
10.0,0,9,52.0,0.714777,1.4,0.0,0.0078,1.24,0,BENIGN
34.88,0,811,97.35,0.007932,126.07,0.0,0.002,0.16,0,BENIGN
34.76,0,8,56.5,0.819084,1.22,0.375,0.0029,0.15,0,BENIGN
34.76,0,8,56.5,0.819084,1.22,0.375,0.0029,0.15,0,BENIGN
34.76,0,8,56.5,0.819084,1.22,0.375,0.0029,0.15,0,BENIGN
34.76,0,8,56.5,0.819084,1.22,0.375,0.0029,0.15,0,BENIGN
34.88,0,827,97.43,0.007923,126.21,0.375,0.002,0.15,0,BENIGN
34.76,0,8,56.5,0.819084,1.22,0.375,0.0029,0.15,0,BENIGN
10.0,0,9,52.0,0.729439,1.37,0.125,0.0088,1.37,0,BENIGN
10.0,0,9,52.0,0.729439,1.37,0.125,0.0088,1.37,0,BENIGN
34.88,0,819,97.49,0.008016,124.75,0.125,0.002,0.15,0,BENIGN
32.57,0,6,52.0,1.094159,0.91,0.125,0.0029,0.15,0,BENIGN
14.27,0,9,52.0,0.729439,1.37,0.125,0.001,0.15,0,BENIGN
29.47,0,9,52.0,0.729439,1.37,0.125,0.0029,0.3,0,BENIGN
29.47,0,9,52.0,0.729439,1.37,0.125,0.0029,0.3,0,BENIGN
30.0,0,838,97.34,0.007374,135.61,0.5,0.002,0.16,0,BENIGN
39.24,0,842,97.13,0.007339,136.26,0.5,0.002,0.0,0,BENIGN
25.69,0,12,52.0,0.514962,1.94,0.5,0.0039,0.49,0,BENIGN
35.5,0,8,52.0,0.772443,1.29,0.5,0.0039,0.32,0,BENIGN
14.27,0,12,52.0,0.514962,1.94,0.5,0.001,0.16,0,BENIGN
39.24,0,842,97.13,0.007339,136.26,0.5,0.002,0.0,0,BENIGN
30.9,0,9,52.0,0.718299,1.39,0.0,0.0029,0.31,0,BENIGN
44.16,0,822,97.19,0.007865,127.15,0.0,0.002,0.0,0,BENIGN
34.88,0,817,97.36,0.007913,126.38,0.0,0.002,0.15,0,BENIGN
43.99,0,6,52.0,1.077448,0.93,0.0,0.0029,0.15,0,BENIGN
10.0,0,9,52.0,0.718299,1.39,0.0,0.0068,1.08,0,BENIGN
30.9,0,9,52.0,0.718299,1.39,0.0,0.0029,0.31,0,BENIGN
10.0,0,9,52.0,0.709164,1.41,0.0,0.0088,1.41,0,BENIGN
44.16,0,802,97.31,0.007958,125.66,0.0,0.002,0.0,0,BENIGN
14.27,0,9,52.0,0.709164,1.41,0.0,0.001,0.16,0,BENIGN
44.16,0,802,97.31,0.007958,125.66,0.0,0.002,0.0,0,BENIGN
34.88,0,801,97.48,0.007968,125.5,0.0,0.002,0.16,0,BENIGN
34.88,0,801,97.48,0.007968,125.5,0.0,0.002,0.16,0,BENIGN
25.67,0,9,52.0,0.709164,1.41,0.0,0.0039,0.47,0,BENIGN
10.0,0,9,52.0,0.710531,1.41,0.0,0.0078,1.25,0,BENIGN
14.27,0,9,52.0,0.710531,1.41,0.0,0.001,0.16,0,BENIGN
14.27,0,9,52.0,0.710531,1.41,0.0,0.001,0.16,0,BENIGN
14.27,0,9,52.0,0.710531,1.41,0.0,0.001,0.16,0,BENIGN
44.16,0,808,97.32,0.007914,126.35,0.0,0.002,0.0,0,BENIGN
42.57,0,6,52.0,1.065796,0.94,0.0,0.0029,0.16,0,BENIGN
43.99,0,8,52.0,0.807068,1.24,0.0,0.0029,0.15,0,BENIGN
34.88,0,820,97.19,0.007874,127.0,0.0,0.002,0.15,0,BENIGN
30.9,0,12,52.0,0.538045,1.86,0.0,0.0029,0.31,0,BENIGN
34.88,0,820,97.19,0.007874,127.0,0.0,0.002,0.15,0,BENIGN
10.0,0,12,52.0,0.538045,1.86,0.0,0.0068,1.08,0,BENIGN
14.27,0,12,52.0,0.538045,1.86,0.0,0.001,0.15,0,BENIGN
10.0,0,12,52.0,0.538045,1.86,0.0,0.0068,1.08,0,BENIGN
25.69,0,9,52.0,0.671238,1.49,0.25,0.0039,0.5,0,BENIGN
35.5,0,6,52.0,1.006858,0.99,0.25,0.0039,0.33,0,BENIGN
25.69,0,9,52.0,0.671238,1.49,0.25,0.0039,0.5,0,BENIGN
0,0,9,52.0,0.671238,1.49,0.25,0.0,0.0,0,BENIGN
44.16,0,830,97.33,0.007278,137.39,0.25,0.002,0.0,0,BENIGN
34.91,0,827,97.5,0.007305,136.89,0.25,0.002,0.17,0,BENIGN
35.5,0,6,52.0,1.087021,0.92,0.25,0.0039,0.31,0,BENIGN
34.88,0,823,97.36,0.007925,126.19,0.25,0.002,0.15,0,BENIGN
14.27,0,9,52.0,0.724681,1.38,0.25,0.001,0.15,0,BENIGN
14.27,0,9,52.0,0.724681,1.38,0.25,0.001,0.15,0,BENIGN
10.0,0,9,52.0,0.724681,1.38,0.25,0.0078,1.23,0,BENIGN
10.0,0,9,52.0,0.724681,1.38,0.25,0.0078,1.23,0,BENIGN
39.24,0,842,97.34,0.007883,126.86,0.25,0.002,0.0,0,BENIGN
29.97,0,839,97.51,0.007911,126.41,0.25,0.002,0.15,0,BENIGN
58.86,0,6,52.0,1.106188,0.9,0.25,0.002,0.0,0,BENIGN
39.24,0,842,97.34,0.007883,126.86,0.25,0.002,0.0,0,BENIGN
39.24,0,842,97.34,0.007883,126.86,0.25,0.002,0.0,0,BENIGN
39.21,0,9,52.0,0.737458,1.36,0.25,0.002,0.15,0,BENIGN
39.24,0,842,97.34,0.007883,126.86,0.25,0.002,0.0,0,BENIGN
44.16,0,844,97.13,0.007854,127.32,0.125,0.002,0.0,0,BENIGN
34.88,0,840,97.34,0.007892,126.72,0.125,0.002,0.15,0,BENIGN
44.16,0,844,97.13,0.007854,127.32,0.125,0.002,0.0,0,BENIGN
44.16,0,844,97.13,0.007854,127.32,0.125,0.002,0.0,0,BENIGN
10.0,0,12,52.0,0.55241,1.81,0.125,0.0088,1.36,0,BENIGN
25.67,0,12,52.0,0.55241,1.81,0.125,0.0039,0.45,0,BENIGN
0,0,9,52.0,0.732113,1.37,0.125,0.0,0.0,0,BENIGN
28.0,0,6,52.0,1.09817,0.91,0.125,0.0039,0.3,0,BENIGN
44.16,0,834,97.34,0.007901,126.57,0.125,0.002,0.0,0,BENIGN
28.0,0,6,52.0,1.09817,0.91,0.125,0.0039,0.3,0,BENIGN
25.67,0,9,52.0,0.732113,1.37,0.125,0.0039,0.46,0,BENIGN
28.0,0,6,52.0,1.09817,0.91,0.125,0.0039,0.3,0,BENIGN
25.67,0,9,52.0,0.732113,1.37,0.125,0.0039,0.46,0,BENIGN
10.0,0,9,52.0,0.678057,1.47,0.25,0.0068,1.15,0,BENIGN
43.99,0,6,52.0,1.017086,0.98,0.25,0.0029,0.16,0,BENIGN
44.16,0,840,97.34,0.007265,137.65,0.25,0.002,0.0,0,BENIGN
43.99,0,6,52.0,1.017086,0.98,0.25,0.0029,0.16,0,BENIGN
14.27,0,9,52.0,0.678057,1.47,0.25,0.001,0.16,0,BENIGN
10.0,0,9,52.0,0.678057,1.47,0.25,0.0068,1.15,0,BENIGN
10.0,0,9,52.0,0.71088,1.41,0.0,0.0088,1.41,0,BENIGN
44.16,0,816,97.05,0.007841,127.54,0.0,0.002,0.0,0,BENIGN
29.47,0,9,52.0,0.71088,1.41,0.0,0.0029,0.31,0,BENIGN
29.47,0,9,52.0,0.71088,1.41,0.0,0.0029,0.31,0,BENIGN
34.88,0,813,97.22,0.00787,127.07,0.0,0.002,0.16,0,BENIGN
34.88,0,813,97.22,0.00787,127.07,0.0,0.002,0.16,0,BENIGN
10.0,0,9,52.0,0.71088,1.41,0.0,0.0088,1.41,0,BENIGN
44.16,0,820,97.1,0.007935,126.02,0.0,0.002,0.0,0,BENIGN
25.67,0,12,52.0,0.542238,1.84,0.0,0.0039,0.46,0,BENIGN
34.88,0,816,97.32,0.007974,125.41,0.0,0.002,0.15,0,BENIGN
35.5,0,8,52.0,0.813357,1.23,0.0,0.0039,0.31,0,BENIGN
44.16,0,820,97.1,0.007935,126.02,0.0,0.002,0.0,0,BENIGN
10.0,0,12,52.0,0.542238,1.84,0.0,0.0078,1.23,0,BENIGN
43.99,0,6,52.0,1.090988,0.92,0.0,0.0029,0.15,0,BENIGN
34.88,0,823,97.5,0.007954,125.73,0.0,0.002,0.15,0,BENIGN
43.99,0,6,52.0,1.090988,0.92,0.0,0.0029,0.15,0,BENIGN
30.9,0,9,52.0,0.727325,1.37,0.0,0.0029,0.31,0,BENIGN
30.9,0,9,52.0,0.727325,1.37,0.0,0.0029,0.31,0,BENIGN
30.9,0,9,52.0,0.727325,1.37,0.0,0.0029,0.31,0,BENIGN
30.9,0,9,52.0,0.727325,1.37,0.0,0.0029,0.31,0,BENIGN
29.97,0,837,97.51,0.007976,125.38,0.5,0.002,0.15,0,BENIGN
10.0,0,9,52.0,0.741755,1.35,0.5,0.0088,1.35,0,BENIGN
30.0,0,838,97.34,0.007966,125.53,0.5,0.002,0.0,0,BENIGN
14.27,0,9,52.0,0.741755,1.35,0.5,0.001,0.15,0,BENIGN
14.27,0,9,52.0,0.741755,1.35,0.5,0.001,0.15,0,BENIGN
35.5,0,6,52.0,1.112633,0.9,0.5,0.0039,0.3,0,BENIGN
29.49,0,12,52.0,0.482772,2.07,0.25,0.0029,0.35,0,BENIGN
10.0,0,12,52.0,0.482772,2.07,0.25,0.0078,1.38,0,BENIGN
42.57,0,8,52.0,0.724158,1.38,0.25,0.0029,0.17,0,BENIGN
42.57,0,8,52.0,0.724158,1.38,0.25,0.0029,0.17,0,BENIGN
14.27,0,12,52.0,0.482772,2.07,0.25,0.001,0.17,0,BENIGN
14.27,0,12,52.0,0.482772,2.07,0.25,0.001,0.17,0,BENIGN
44.16,0,812,97.32,0.007897,126.63,0.0,0.002,0.0,0,BENIGN
43.99,0,6,52.0,1.068696,0.94,0.0,0.0029,0.16,0,BENIGN
14.27,0,9,52.0,0.712464,1.4,0.0,0.001,0.16,0,BENIGN
30.9,0,9,52.0,0.712464,1.4,0.0,0.0029,0.31,0,BENIGN
44.16,0,812,97.32,0.007897,126.63,0.0,0.002,0.0,0,BENIGN
30.9,0,9,52.0,0.712464,1.4,0.0,0.0029,0.31,0,BENIGN
43.99,0,6,52.0,1.068696,0.94,0.0,0.0029,0.16,0,BENIGN
25.67,0,9,52.0,0.710172,1.41,0.0,0.0039,0.47,0,BENIGN
35.5,0,6,52.0,1.065259,0.94,0.0,0.0039,0.31,0,BENIGN
0,0,9,52.0,0.710172,1.41,0.0,0.0,0.0,0,BENIGN
34.88,0,805,97.35,0.00794,125.95,0.0,0.002,0.16,0,BENIGN
25.67,0,9,52.0,0.710172,1.41,0.0,0.0039,0.47,0,BENIGN
35.5,0,6,52.0,1.065259,0.94,0.0,0.0039,0.31,0,BENIGN
25.67,0,9,52.0,0.717397,1.39,0.125,0.0039,0.46,0,BENIGN
25.67,0,9,52.0,0.717397,1.39,0.125,0.0039,0.46,0,BENIGN
28.57,0,6,52.0,1.076095,0.93,0.125,0.0039,0.31,0,BENIGN
34.88,0,815,97.35,0.007922,126.23,0.125,0.002,0.15,0,BENIGN
34.88,0,815,97.35,0.007922,126.23,0.125,0.002,0.15,0,BENIGN
10.0,0,9,52.0,0.717397,1.39,0.125,0.0078,1.24,0,BENIGN
14.27,0,9,52.0,0.728021,1.37,0.125,0.001,0.15,0,BENIGN
39.21,0,9,52.0,0.728021,1.37,0.125,0.002,0.15,0,BENIGN
43.86,0,6,52.0,1.092032,0.92,0.125,0.002,0.0,0,BENIGN
44.16,0,828,97.33,0.007913,126.37,0.125,0.002,0.0,0,BENIGN
10.0,0,9,52.0,0.728021,1.37,0.125,0.0068,1.07,0,BENIGN
10.0,0,9,52.0,0.728021,1.37,0.125,0.0068,1.07,0,BENIGN
14.27,0,9,52.0,0.728021,1.37,0.125,0.001,0.15,0,BENIGN
25.69,0,12,52.0,0.491786,2.03,0.25,0.0039,0.51,0,BENIGN
44.16,0,834,97.12,0.007076,141.32,0.25,0.002,0.0,0,BENIGN
14.27,0,12,52.0,0.491786,2.03,0.25,0.001,0.17,0,BENIGN
25.69,0,12,52.0,0.491786,2.03,0.25,0.0039,0.51,0,BENIGN
25.69,0,12,52.0,0.491786,2.03,0.25,0.0039,0.51,0,BENIGN
25.69,0,12,52.0,0.491786,2.03,0.25,0.0039,0.51,0,BENIGN
35.5,0,6,52.0,1.103101,0.91,0.25,0.0039,0.3,0,BENIGN
25.67,0,9,52.0,0.7354,1.36,0.25,0.0039,0.45,0,BENIGN
39.24,0,828,97.33,0.007993,125.1,0.25,0.002,0.0,0,BENIGN
39.24,0,828,97.33,0.007993,125.1,0.25,0.002,0.0,0,BENIGN
35.5,0,6,52.0,1.103101,0.91,0.25,0.0039,0.3,0,BENIGN
10.0,0,9,52.0,0.7354,1.36,0.25,0.0078,1.21,0,BENIGN
29.97,0,825,97.5,0.008023,124.65,0.25,0.002,0.15,0,BENIGN
34.91,0,836,97.21,0.007954,125.72,0.25,0.002,0.0,0,BENIGN
10.0,0,9,52.0,0.738845,1.35,0.25,0.0068,1.05,0,BENIGN
14.27,0,9,52.0,0.738845,1.35,0.25,0.001,0.15,0,BENIGN
24.74,0,9,52.0,0.738845,1.35,0.25,0.0029,0.3,0,BENIGN
14.27,0,9,52.0,0.738845,1.35,0.25,0.001,0.15,0,BENIGN
34.88,0,833,97.37,0.007983,125.27,0.25,0.002,0.15,0,BENIGN
44.16,0,804,97.31,0.008064,124.01,0.0,0.002,0.0,0,BENIGN
34.88,0,801,97.48,0.008094,123.55,0.0,0.002,0.15,0,BENIGN
10.0,0,12,52.0,0.540266,1.85,0.0,0.0088,1.39,0,BENIGN
10.0,0,12,52.0,0.540266,1.85,0.0,0.0088,1.39,0,BENIGN
34.88,0,801,97.48,0.008094,123.55,0.0,0.002,0.15,0,BENIGN
29.47,0,9,52.0,0.720355,1.39,0.0,0.0029,0.31,0,BENIGN
25.67,0,12,52.0,0.529551,1.89,0.0,0.0039,0.47,0,BENIGN
44.16,0,808,97.09,0.007865,127.15,0.0,0.002,0.0,0,BENIGN
34.88,0,804,97.31,0.007904,126.52,0.0,0.002,0.16,0,BENIGN
34.88,0,804,97.31,0.007904,126.52,0.0,0.002,0.16,0,BENIGN
34.88,0,804,97.31,0.007904,126.52,0.0,0.002,0.16,0,BENIGN
34.88,0,804,97.31,0.007904,126.52,0.0,0.002,0.16,0,BENIGN
10.0,0,9,52.0,0.622799,1.61,0.25,0.0059,1.07,0,BENIGN
44.24,0,812,97.18,0.006903,144.87,0.25,0.002,0.0,0,BENIGN
0,0,9,52.0,0.622799,1.61,0.25,0.0,0.0,0,BENIGN
30.96,0,9,52.0,0.622799,1.61,0.25,0.0029,0.36,0,BENIGN
44.04,0,6,52.0,0.934198,1.07,0.25,0.0029,0.18,0,BENIGN
44.24,0,812,97.18,0.006903,144.87,0.25,0.002,0.0,0,BENIGN
